,DATE,MONTH,YEAR,SITE_NAME,SUB_SITE,CO2_FLUX_ABV_CNPY,CO2_CONC_ABV_CNPY,CO2_STORAGE,AIR_TEMP_ABV_CNPY,SOIL_TEMP_10CM,SOIL_TEMP_100CM,VAPOR_PRESS_ABV_CNPY,RAIN_RATE
0,17,3,1994,NSA-OBS-FLXTR,9TF03-FLX01,0.505928571,362.4172857,0.005952381,-8.476452381,-0.2185,0.025,0.262497619,0.114285714
1,18,3,1994,NSA-OBS-FLXTR,9TF03-FLX01,0.050479167,362.2827292,0.014583333,-7.715458333,-0.2185,0.025,0.315045833,0.020833333
2,19,3,1994,NSA-OBS-FLXTR,9TF03-FLX01,0.1351875,362.900875,0.016666667,-10.283875,-0.2185,0.025,0.221441667,0.004166667
3,20,3,1994,NSA-OBS-FLXTR,9TF03-FLX01,0.167625,363.4341875,0.035208333,-8.60425,-0.2185,0.025,0.288858333,0.2625
4,21,3,1994,NSA-OBS-FLXTR,9TF03-FLX01,-0.469666667,363.4091875,0.000416667,-9.666958333,-0.2185,0.025,0.2767125,0.004166667
5,22,3,1994,NSA-OBS-FLXTR,9TF03-FLX01,0.207897436,362.4976154,-0.044615385,-15.08638462,-0.2185,0.025,0.166553846,0
6,5,4,1994,NSA-OBS-FLXTR,9TF03-FLX01,1.213230769,361.4428462,0.09,-12.21823077,-0.2185,0.025,0.1208,0
7,6,4,1994,NSA-OBS-FLXTR,9TF03-FLX01,0.279153846,362.1304615,0.183076923,-12,-0.2185,0.025,0.133553846,0
8,10,4,1994,NSA-OBS-FLXTR,9TF03-FLX01,-0.08975,361.526375,0.0125,0.574125,-0.2185,0.025,0.3437375,0
9,11,4,1994,NSA-OBS-FLXTR,9TF03-FLX01,0.532875,363.0327708,0.002083333,2.245854167,-0.2185,0.025,0.418139583,0
10,12,4,1994,NSA-OBS-FLXTR,9TF03-FLX01,0.463583333,365.4539792,0.03375,4.232520833,-0.2185,0.025,0.500727083,0
11,13,4,1994,NSA-OBS-FLXTR,9TF03-FLX01,0.673520833,363.7674375,-0.053958333,7.6049375,-0.2185,0.025,0.541660417,0
12,14,4,1994,NSA-OBS-FLXTR,9TF03-FLX01,0.609166667,363.0988333,0.016458333,-7.7696875,-0.2185,0.025,0.216366667,0
13,15,4,1994,NSA-OBS-FLXTR,9TF03-FLX01,0.381104167,363.8140625,0.000416667,-6.308166667,-0.2185,0.025,0.276925,0
14,16,4,1994,NSA-OBS-FLXTR,9TF03-FLX01,0.450789474,365.4964211,-0.008684211,-2.122736842,-0.2185,0.025,0.383168421,0
15,17,4,1994,NSA-OBS-FLXTR,9TF03-FLX01,0.406422222,365.5552889,-0.038888889,1.496444444,-0.2185,0.025,0.374617778,0
16,18,4,1994,NSA-OBS-FLXTR,9TF03-FLX01,0.006520833,362.9401458,-0.016666667,4.447770833,-0.2185,0.025,0.4373375,0
17,19,4,1994,NSA-OBS-FLXTR,9TF03-FLX01,0.034605263,362.2664211,0.000789474,-6.100710526,-0.2185,0.025,0.246368421,0
18,21,4,1994,NSA-OBS-FLXTR,9TF03-FLX01,0.748977778,363.7229444,-0.008888889,0.624733333,-0.2185,0.025,0.22713,0
19,22,4,1994,NSA-OBS-FLXTR,9TF03-FLX01,0.462458333,365.2440625,0.02625,5.795479167,-0.2185,0.025,0.342539583,0
20,23,4,1994,NSA-OBS-FLXTR,9TF03-FLX01,0.309854167,362.6241875,-0.014583333,-5.690625,-0.2185,0.025,0.28850625,0.002083333
21,24,4,1994,NSA-OBS-FLXTR,9TF03-FLX01,0.032809524,362.716381,-0.006666667,-7.12702381,-0.2185,0.025,0.242121429,0
22,26,4,1994,NSA-OBS-FLXTR,9TF03-FLX01,0.245565217,362.4639783,0.014130435,-6.788326087,-0.2185,0.025,0.218306522,0
23,27,4,1994,NSA-OBS-FLXTR,9TF03-FLX01,0.075291667,362.378,0.000416667,-5.073416667,-0.2185,0.025,0.236314583,0
24,28,4,1994,NSA-OBS-FLXTR,9TF03-FLX01,0.373833333,363.0625208,-0.006875,0.0948125,-0.2185,0.025,0.234504167,0
25,29,4,1994,NSA-OBS-FLXTR,9TF03-FLX01,0.042375,362.911625,0.26125,5.043125,-0.2185,0.025,0.2346625,0
26,4,5,1994,NSA-OBS-FLXTR,9TF03-FLX01,-0.4895,361.8105,0.045,8.255,-0.2185,0.025,0.44545,0
27,5,5,1994,NSA-OBS-FLXTR,9TF03-FLX01,0.037259259,361.8105,0.202222222,2.228666667,-0.2185,0.025,0.44545,0
28,6,5,1994,NSA-OBS-FLXTR,9TF03-FLX01,0.097638889,361.8105,-0.129166667,8.690694444,-0.2185,0.025,0.44545,0
29,7,5,1994,NSA-OBS-FLXTR,9TF03-FLX01,0.053,361.8105,-0.035416667,11.30714583,-0.2185,0.025,0.44545,0
30,8,5,1994,NSA-OBS-FLXTR,9TF03-FLX01,-1.4356875,361.8105,0.038958333,5.1218125,-0.2185,0.025,0.44545,0.00625
31,9,5,1994,NSA-OBS-FLXTR,9TF03-FLX01,-1.0076875,361.8105,-0.025208333,3.5485,-0.2185,0.025,0.44545,0
32,10,5,1994,NSA-OBS-FLXTR,9TF03-FLX01,-0.252075,361.8105,0.109,3.61065,-0.2185,0.025,0.44545,0
33,11,5,1994,NSA-OBS-FLXTR,9TF03-FLX01,-2.266611111,361.8105,-1.420555556,5.083222222,-0.2185,0.025,0.44545,0
34,12,5,1994,NSA-OBS-FLXTR,9TF03-FLX01,-0.301645833,361.8105,0.281875,5.460916667,-0.2185,0.025,0.44545,0
35,13,5,1994,NSA-OBS-FLXTR,9TF03-FLX01,0.053,361.8105,0.440555556,7.269777778,-0.2185,0.025,0.44545,0.116666667
36,14,5,1994,NSA-OBS-FLXTR,9TF03-FLX01,0.053,361.8105,-0.01,4.814,-0.2185,0.025,0.44545,0
37,15,5,1994,NSA-OBS-FLXTR,9TF03-FLX01,-1.474458333,361.8105,-0.001458333,0.912395833,-0.2185,0.025,0.44545,0
38,16,5,1994,NSA-OBS-FLXTR,9TF03-FLX01,-0.479145833,361.8105,-0.108125,5.935895833,-0.2185,0.025,0.44545,0
39,17,5,1994,NSA-OBS-FLXTR,9TF03-FLX01,0.053,361.8105,0.027291667,6.174645833,-0.2185,0.025,0.44545,0.09375
40,18,5,1994,NSA-OBS-FLXTR,9TF03-FLX01,0.053,361.8105,0.031666667,10.99235417,-0.2185,0.025,0.44545,0.064583333
41,19,5,1994,NSA-OBS-FLXTR,9TF03-FLX01,0.053,361.8105,-0.057708333,6.071833333,-0.2185,0.025,0.44545,0
42,20,5,1994,NSA-OBS-FLXTR,9TF03-FLX01,0.053,361.8105,0.02,2.44575,-0.2185,0.025,0.44545,0
43,21,5,1994,NSA-OBS-FLXTR,9TF03-FLX01,0.053,361.8105,0.021041667,0.535708333,-0.2185,0.025,0.44545,0
44,22,5,1994,NSA-OBS-FLXTR,9TF03-FLX01,0.053,361.8105,-0.038958333,1.911145833,-0.2185,0.025,0.44545,0.00625
45,23,5,1994,NSA-OBS-FLXTR,9TF03-FLX01,0.053,361.8105,-0.012682927,5.172097561,-0.2185,0.025,0.44545,0
46,30,5,1994,NSA-OBS-FLXTR,9TF03-FLX01,-0.5222,356.7314,0.488,16.8806,-0.2185,0.025,0.86042,0
47,31,5,1994,NSA-OBS-FLXTR,9TF03-FLX01,-0.6928125,360.9903542,-0.037291667,9.954770833,-0.2185,0.025,1.050477083,0.041666667
48,1,6,1994,NSA-OBS-FLXTR,9TF03-FLX01,-2.5696875,360.8628542,-0.007291667,11.51420833,-0.2185,0.025,0.9634125,0
49,2,6,1994,NSA-OBS-FLXTR,9TF03-FLX01,-1.764020833,359.7677917,0.032708333,16.182875,-0.2185,0.025,0.955825,0
50,3,6,1994,NSA-OBS-FLXTR,9TF03-FLX01,-1.2429375,357.5639167,0.33375,15.44985417,-0.2185,0.025,0.9148,0
51,4,6,1994,NSA-OBS-FLXTR,9TF03-FLX01,-0.901916667,357.9081042,0.030208333,17.7036875,-0.2185,0.025,1.109902083,0
52,5,6,1994,NSA-OBS-FLXTR,9TF03-FLX01,-0.304895833,358.4321458,0.013541667,18.63891667,-0.2185,0.025,0.985375,0
53,6,6,1994,NSA-OBS-FLXTR,9TF03-FLX01,-1.646104167,359.2526667,0.066875,12.46710417,-0.2185,0.025,0.78805,0
54,7,6,1994,NSA-OBS-FLXTR,9TF03-FLX01,-1.870333333,361.3482292,-0.007083333,13.3253125,-0.2185,0.025,0.598191667,0
55,8,6,1994,NSA-OBS-FLXTR,9TF03-FLX01,-0.56506383,358.8505319,0.080425532,18.24065957,-0.2185,0.025,0.531955319,0
56,9,6,1994,NSA-OBS-FLXTR,9TF03-FLX01,-0.528113636,361.1974318,0.015227273,18.76688636,-0.2185,0.025,0.713236364,0
57,10,6,1994,NSA-OBS-FLXTR,9TF03-FLX01,-0.874604167,357.9967292,0.020833333,22.55825,-0.2185,0.025,0.718335417,0
58,11,6,1994,NSA-OBS-FLXTR,9TF03-FLX01,-1.043354167,363.3954271,-0.023541667,20.772875,-0.2185,0.025,0.838640625,0.01875
59,12,6,1994,NSA-OBS-FLXTR,9TF03-FLX01,-1.059104167,360.2434583,-0.117916667,9.037770833,-0.2185,0.025,0.8231,0.066666667
60,13,6,1994,NSA-OBS-FLXTR,9TF03-FLX01,-1.931586957,360.0371739,0.05826087,7.213652174,-0.2185,0.025,0.542167391,0
61,14,6,1994,NSA-OBS-FLXTR,9TF03-FLX01,-0.504666667,368.8310417,0.05625,7.347958333,-0.2185,0.025,0.70134375,0.241666667
62,15,6,1994,NSA-OBS-FLXTR,9TF03-FLX01,-1.507432432,374.3251351,-0.04027027,2.583405405,-0.2185,0.025,0.677751351,0.224324324
63,16,6,1994,NSA-OBS-FLXTR,9TF03-FLX01,-5.3767,356.7713,0.035,16.3475,6.96225,-0.1277,0.54484,0
64,17,6,1994,NSA-OBS-FLXTR,9TF03-FLX01,-1.694229167,358.4401667,-0.097916667,14.510625,7.021364583,-0.219885417,0.660241667,0
65,18,6,1994,NSA-OBS-FLXTR,9TF03-FLX01,-1.192729167,356.42175,0.020416667,16.1886875,8.984489583,-0.223572917,0.857629167,0
66,19,6,1994,NSA-OBS-FLXTR,9TF03-FLX01,-1.091125,356.2213542,-0.041458333,18.35264583,8.60540625,-0.209385417,0.878339583,0
67,20,6,1994,NSA-OBS-FLXTR,9TF03-FLX01,-0.6531875,359.195125,0.011041667,16.18679167,10.72909375,-0.1953125,1.247754167,0.11875
68,21,6,1994,NSA-OBS-FLXTR,9TF03-FLX01,-0.156541667,356.6756979,0.021041667,18.99935417,11.30538542,-0.227135417,1.043938542,0
69,22,6,1994,NSA-OBS-FLXTR,9TF03-FLX01,-0.105291667,358.8882396,-0.01,19.86745833,10.91996875,-0.208989583,0.844451042,0
70,23,6,1994,NSA-OBS-FLXTR,9TF03-FLX01,0.312708333,362.5200937,-0.01,22.47733333,10.95446875,-0.194802083,0.643919792,0.00625
71,24,6,1994,NSA-OBS-FLXTR,9TF03-FLX01,-2.4909375,357.0402187,-0.078958333,14.14252083,-0.2185,0.025,0.710403125,0
72,25,6,1994,NSA-OBS-FLXTR,9TF03-FLX01,-1.251854167,356.8020625,0.025208333,12.36039583,-0.2185,0.025,1.073839583,0.04375
73,26,6,1994,NSA-OBS-FLXTR,9TF03-FLX01,-1.257416667,357.5290208,-0.019583333,15.169625,-0.2185,0.025,0.956035417,0
74,27,6,1994,NSA-OBS-FLXTR,9TF03-FLX01,-1.616270833,353.2971875,-0.434791667,17.15354167,-0.2185,0.025,1.166322917,0
75,28,6,1994,NSA-OBS-FLXTR,9TF03-FLX01,-2.3585,353.4871458,0.061458333,14.13408333,-0.2185,0.025,0.978539583,0
76,29,6,1994,NSA-OBS-FLXTR,9TF03-FLX01,-2.198833333,357.7000625,0.426875,12.80995833,-0.2185,0.025,0.705295833,0
77,30,6,1994,NSA-OBS-FLXTR,9TF03-FLX01,-4.325285714,348.6745714,-0.01,19.18142857,1.7625,-0.008214286,0.607328571,0
78,1,7,1994,NSA-OBS-FLXTR,9TF03-FLX01,-2.353729167,355.0109792,0.030625,16.917,9.3114375,-0.2186875,0.78430625,0
79,2,7,1994,NSA-OBS-FLXTR,9TF03-FLX01,-1.910875,355.9795833,-0.068125,15.22264583,9.369614583,-0.21984375,0.852941667,0
80,3,7,1994,NSA-OBS-FLXTR,9TF03-FLX01,1.618145833,352.4111042,0.033125,13.58597917,10.16523958,-0.21121875,1.17683125,0.091666667
81,4,7,1994,NSA-OBS-FLXTR,9TF03-FLX01,0.5551875,353.3945625,0.035625,12.51072917,9.908041667,-0.217,1.385154167,0.002083333
82,5,7,1994,NSA-OBS-FLXTR,9TF03-FLX01,0.256041667,355.9340833,0.003125,5.971041667,6.641979167,-0.22078125,0.895004167,0.654166667
83,6,7,1994,NSA-OBS-FLXTR,9TF03-FLX01,-1.703708333,353.4594167,-0.044166667,6.242125,5.897625,-0.2179375,0.895875,0
84,7,7,1994,NSA-OBS-FLXTR,9TF03-FLX01,-0.9281875,351.4783542,-0.039583333,8.989104167,5.857864583,-0.224625,1.017552083,0
85,8,7,1994,NSA-OBS-FLXTR,9TF03-FLX01,-0.200354167,356.07575,0.089166667,15.06402083,8.287354167,-0.21425,0.95823125,0
86,9,7,1994,NSA-OBS-FLXTR,9TF03-FLX01,-0.299270833,357.271875,0.002916667,18.2881875,9.098666667,-0.211395833,0.825341667,0
87,10,7,1994,NSA-OBS-FLXTR,9TF03-FLX01,-0.215104167,349.9227083,-0.190625,17.3685,9.8563125,-0.210041667,1.22554375,0
88,11,7,1994,NSA-OBS-FLXTR,9TF03-FLX01,-0.319125,350.9254167,0.156666667,13.12104167,9.79925,-0.204197917,0.997808333,0.002083333
89,12,7,1994,NSA-OBS-FLXTR,9TF03-FLX01,-1.4264375,353.1794375,0.01625,15.40239583,7.9675625,-0.219447917,0.750683333,0
90,13,7,1994,NSA-OBS-FLXTR,9TF03-FLX01,-0.537913043,352.2062826,-0.071086957,18.3955,10.07651087,-0.212586957,0.984817391,0
91,14,7,1994,NSA-OBS-FLXTR,9TF03-FLX01,-0.498791667,356.7114375,0.099583333,19.91258333,11.84078125,-0.20703125,1.110410417,0
92,15,7,1994,NSA-OBS-FLXTR,9TF03-FLX01,0.0714375,358.3758542,-0.004375,18.30675,12.89427083,-0.209885417,1.253858333,0
93,16,7,1994,NSA-OBS-FLXTR,9TF03-FLX01,-1.818520833,352.4861458,-0.013541667,16.47533333,10.56946875,-0.2055,0.949741667,0
94,17,7,1994,NSA-OBS-FLXTR,9TF03-FLX01,-1.847833333,354.186875,0.035,19.0074375,10.817125,-0.202979167,0.923902083,0
95,18,7,1994,NSA-OBS-FLXTR,9TF03-FLX01,-1.0680625,354.6656875,-0.058541667,20.50033333,12.38873958,-0.200895833,1.072272917,0
96,19,7,1994,NSA-OBS-FLXTR,9TF03-FLX01,0.208622222,357.1543556,0.046888889,18.32675556,12.55593333,-0.1951,1.365395556,0.191111111
97,20,7,1994,NSA-OBS-FLXTR,9TF03-FLX01,0.970208333,348.5401042,0.02875,16.950125,13.56814583,-0.20803125,1.487914583,0.060416667
98,21,7,1994,NSA-OBS-FLXTR,9TF03-FLX01,0.481041667,356.5523125,0.057916667,21.81275,13.33819792,-0.20915625,1.379179167,0
99,22,7,1994,NSA-OBS-FLXTR,9TF03-FLX01,2.279625,355.6721458,-0.066875,20.9653125,9.764375,-0.153645833,1.349904167,0.020833333
100,23,7,1994,NSA-OBS-FLXTR,9TF03-FLX01,0.053,349.0253125,-0.01,16.72827083,-0.2185,0.025,1.026725,0
101,24,7,1994,NSA-OBS-FLXTR,9TF03-FLX01,0.053,349.6451458,-0.01,14.21304167,-0.2185,0.025,0.905516667,0
102,25,7,1994,NSA-OBS-FLXTR,9TF03-FLX01,0.053,356.7896538,-0.01,13.02261538,-0.2185,0.025,0.754784615,0
103,27,7,1994,NSA-OBS-FLXTR,9TF03-FLX01,-2.404857143,340.3852857,-0.207142857,24.027,16.79785714,-0.173428571,1.464,0
104,28,7,1994,NSA-OBS-FLXTR,9TF03-FLX01,0.340395833,350.5005,0.092083333,20.371125,13.95048958,-0.21009375,1.231002083,0
105,29,7,1994,NSA-OBS-FLXTR,9TF03-FLX01,-1.218041667,352.476125,-0.099583333,20.98027083,12.71433333,-0.203729167,1.113541667,0
106,30,7,1994,NSA-OBS-FLXTR,9TF03-FLX01,-0.717520833,354.7788958,-0.0375,17.22908333,12.672,-0.202677083,1.341152083,0
107,31,7,1994,NSA-OBS-FLXTR,9TF03-FLX01,-2.156,351.3530625,0.080625,14.789875,10.2614375,-0.185385417,0.936333333,0
108,1,8,1994,NSA-OBS-FLXTR,9TF03-FLX01,-1.9230625,346.153125,-0.07125,18.22522917,10.67751042,-0.17878125,0.922229167,0
109,2,8,1994,NSA-OBS-FLXTR,9TF03-FLX01,-0.222488372,353.0112093,0.552325581,19.99253488,14.02819767,-0.154186047,1.454802326,0.006976744
110,3,8,1994,NSA-OBS-FLXTR,9TF03-FLX01,1.109,353.0513333,0.202444444,10.82862222,8.484533333,-0.123333333,0.829904444,0
111,4,8,1994,NSA-OBS-FLXTR,9TF03-FLX01,-2.138787234,351.6623191,-8.88E-17,13.53840426,7.940414894,-0.08837234,0.769612766,0
112,5,8,1994,NSA-OBS-FLXTR,9TF03-FLX01,-0.517,347.4468191,0.330851064,19.65474468,11.94187234,-0.053787234,0.940228723,0
113,6,8,1994,NSA-OBS-FLXTR,9TF03-FLX01,1.462733333,352.7406222,-0.085333333,11.39568889,11.30634444,-0.017344444,1.132688889,0.251111111
114,7,8,1994,NSA-OBS-FLXTR,9TF03-FLX01,-1.8538125,352.8867292,-0.029166667,9.9705625,8.477489583,0.030697917,0.730808333,0
115,8,8,1994,NSA-OBS-FLXTR,9TF03-FLX01,-2.130541667,350.5592292,-0.042083333,12.87970833,7.262197917,0.071052083,0.7306125,0
116,9,8,1994,NSA-OBS-FLXTR,9TF03-FLX01,-0.783541667,348.5625833,0.057291667,15.8251875,9.7120625,0.104083333,1.033420833,0
117,10,8,1994,NSA-OBS-FLXTR,9TF03-FLX01,0.225729167,351.941125,-0.008333333,14.25339583,8.446135417,0.124458333,0.84785625,0
118,11,8,1994,NSA-OBS-FLXTR,9TF03-FLX01,0.053,351.2778958,-0.072708333,16.91983333,10.53851042,0.16028125,1.200097917,0.160416667
119,12,8,1994,NSA-OBS-FLXTR,9TF03-FLX01,0.053,350.183,0.055416667,10.55270833,8.7391875,0.198666667,1.05290625,0.0125
120,13,8,1994,NSA-OBS-FLXTR,9TF03-FLX01,0.053,348.5573542,-0.031458333,9.858270833,7.194135417,0.226270833,0.82845625,0.010416667
121,14,8,1994,NSA-OBS-FLXTR,9TF03-FLX01,0.053,350.54175,0.016041667,15.909625,9.787833333,0.244041667,0.9840875,0
122,15,8,1994,NSA-OBS-FLXTR,9TF03-FLX01,0.053,353.7746458,0.084166667,20.15852083,12.3688125,0.261260417,1.24995625,0.025
123,16,8,1994,NSA-OBS-FLXTR,9TF03-FLX01,0.053,349.2024792,-0.111666667,12.753,10.20865625,0.280375,0.9026125,0
124,17,8,1994,NSA-OBS-FLXTR,9TF03-FLX01,0.053,351.2085,-0.0775,11.22904167,7.101125,0.329635417,0.847052083,0
125,18,8,1994,NSA-OBS-FLXTR,9TF03-FLX01,0.053,349.851125,0.059166667,13.8915,8.473114583,0.342833333,1.011458333,0
126,19,8,1994,NSA-OBS-FLXTR,9TF03-FLX01,0.053,353.5571875,0.6375,16.96479167,11.57347917,0.382802083,1.265133333,0
127,20,8,1994,NSA-OBS-FLXTR,9TF03-FLX01,0.053,353.6678542,-0.01,17.5716875,12.06311458,0.419854167,1.128389583,0
128,21,8,1994,NSA-OBS-FLXTR,9TF03-FLX01,0.053,351.6424583,-0.01,14.14320833,10.50972917,0.44896875,0.915364583,0
129,22,8,1994,NSA-OBS-FLXTR,9TF03-FLX01,0.053,349.2933542,0.038958333,17.17989583,11.64992708,0.460458333,1.350764583,0
130,23,8,1994,NSA-OBS-FLXTR,9TF03-FLX01,0.053,354.1532917,0.039791667,19.62383333,13.2885,0.49953125,1.337666667,0.0125
131,24,8,1994,NSA-OBS-FLXTR,9TF03-FLX01,0.053,349.0845833,-0.063958333,18.63577083,11.22558333,0.5371875,0.860283333,0
132,25,8,1994,NSA-OBS-FLXTR,9TF03-FLX01,0.053,348.7857083,0.037083333,14.13216667,10.22870833,0.59196875,1.004070833,0
133,26,8,1994,NSA-OBS-FLXTR,9TF03-FLX01,0.053,346.3290208,-0.03,11.97675,9.029322917,0.653604167,0.79116875,0
134,27,8,1994,NSA-OBS-FLXTR,9TF03-FLX01,0.053,349.16975,0.005208333,10.30266667,5.817395833,0.723447917,0.678445833,0
135,28,8,1994,NSA-OBS-FLXTR,9TF03-FLX01,0.053,349.9526458,0.035833333,11.01889583,7.08903125,0.77521875,0.76645625,0
136,29,8,1994,NSA-OBS-FLXTR,9TF03-FLX01,0.053,347.8783333,-0.008333333,8.938458333,7.705833333,0.78296875,0.910375,0.002083333
137,30,8,1994,NSA-OBS-FLXTR,9TF03-FLX01,0.053,350.591375,0.014375,9.713770833,7.52640625,0.834989583,0.8490125,0
138,31,8,1994,NSA-OBS-FLXTR,9TF03-FLX01,0.053,353.3935,0.139722222,10.22655556,3.818638889,0.811944444,0.727466667,0
139,1,9,1994,NSA-OBS-FLXTR,9TF03-FLX01,-0.408041667,355.8150625,0.336458333,7.541104167,4.744145833,0.52575,0.909083333,0
140,2,9,1994,NSA-OBS-FLXTR,9TF03-FLX01,-0.4416875,351.578125,0.047708333,14.45635417,8.075427083,0.88890625,0.882772917,0
141,3,9,1994,NSA-OBS-FLXTR,9TF03-FLX01,-0.7958125,351.1976042,-0.044166667,14.9201875,8.4758125,0.908145833,0.887404167,0
142,4,9,1994,NSA-OBS-FLXTR,9TF03-FLX01,1.556341463,352.2039268,0.122682927,12.00241463,7.577878049,0.935878049,1.062065854,0.019512195
143,5,9,1994,NSA-OBS-FLXTR,9TF03-FLX01,0.783791667,352.7963125,0.110416667,12.988875,9.694677083,0.947375,1.292522917,0
144,6,9,1994,NSA-OBS-FLXTR,9TF03-FLX01,-0.212333333,356.2747917,0.03125,11.53652083,6.954208333,0.977875,0.80893125,0
145,7,9,1994,NSA-OBS-FLXTR,9TF03-FLX01,-0.3575625,349.031875,-0.046458333,10.2356875,7.6383125,1.013322917,0.828864583,0
146,8,9,1994,NSA-OBS-FLXTR,9TF03-FLX01,-1.174456522,353.1573261,0.070869565,9.68526087,4.4,0.995576087,0.718382609,0
147,9,9,1994,NSA-OBS-FLXTR,9TF03-FLX01,0.201708333,352.2994792,0.012083333,14.859875,8.485145833,1.063739583,0.885641667,0
148,10,9,1994,NSA-OBS-FLXTR,9TF03-FLX01,1.642883721,352.9138837,0.095581395,17.80330233,11.09789535,1.076988372,1.24355814,0
149,11,9,1994,NSA-OBS-FLXTR,9TF03-FLX01,0.053,353.535,-0.225277778,12.40158333,9.357430556,1.089541667,0.989783333,0
150,12,9,1994,NSA-OBS-FLXTR,9TF03-FLX01,-2.1415,361.8105,0.255,16.188,11.279875,1.1725,0.44545,0
151,13,9,1994,NSA-OBS-FLXTR,9TF03-FLX01,1.026675,361.125625,0.94625,7.71805,4.4725625,1.0108375,0.55408,0
152,14,9,1994,NSA-OBS-FLXTR,9TF03-FLX01,-0.672369565,361.1979783,-0.096304348,5.887543478,2.994826087,0.31375,1.347676087,0
153,15,9,1994,NSA-OBS-FLXTR,9TF03-FLX01,0.859,362.3252083,-0.076041667,15.86239583,11.47670833,1.246239583,1.358891667,0.1125
154,16,9,1994,NSA-OBS-FLXTR,9TF03-FLX01,0.8628125,361.1377708,-0.017291667,13.52104167,9.848979167,1.275822917,1.076225,0
155,17,9,1994,NSA-OBS-FLXTR,9TF03-FLX01,1.2415625,357.172875,0.015208333,15.76325,8.409666667,1.325708333,0.7708125,0
156,18,9,1994,NSA-OBS-FLXTR,9TF03-FLX01,-0.039979167,359.43325,0.022083333,17.74516667,7.65053125,1.3704375,0.8589875,0
157,19,9,1994,NSA-OBS-FLXTR,9TF03-FLX01,0.890770833,357.4845833,-0.159791667,16.76172917,10.18521875,1.414739583,0.915597917,0
158,20,9,1994,NSA-OBS-FLXTR,9TF03-FLX01,0.766854167,362.9834375,0.16875,10.90997917,6.266697917,1.439125,0.903933333,0.141666667
159,21,9,1994,NSA-OBS-FLXTR,9TF03-FLX01,-0.165104167,356.5367708,-0.158333333,7.174375,6.276854167,1.48375,0.811379167,0
160,22,9,1994,NSA-OBS-FLXTR,9TF03-FLX01,0.326791667,359.7736458,0.139791667,2.460125,5.426010417,1.506802083,0.523745833,0
161,23,9,1994,NSA-OBS-FLXTR,9TF03-FLX01,0.053,361.8105,-0.01,1.337,7.889302083,1.53271875,0.44545,0
162,24,9,1994,NSA-OBS-FLXTR,9TF03-FLX01,-0.41697619,358.8315714,0.047857143,3.256261905,6.546321429,1.479238095,0.458602381,0
163,25,9,1994,NSA-OBS-FLXTR,9TF03-FLX01,-0.356270833,354.1391042,-0.016666667,7.4121875,2.194697917,1.556645833,0.517766667,0
164,26,9,1994,NSA-OBS-FLXTR,9TF03-FLX01,-0.0095625,351.3944792,0.094791667,10.16722917,5.75215625,1.553041667,0.795335417,0
165,27,9,1994,NSA-OBS-FLXTR,9TF03-FLX01,0.8413125,355.2027083,-0.036666667,6.976354167,6.041645833,1.5321875,0.812379167,0.002083333
166,28,9,1994,NSA-OBS-FLXTR,9TF03-FLX01,0.0145625,352.994,0.000625,2.905791667,3.737333333,1.52478125,0.607679167,0
167,29,9,1994,NSA-OBS-FLXTR,9TF03-FLX01,0.032875,355.4480417,-0.022708333,3.0678125,3.768541667,1.513145833,0.622304167,0
168,30,9,1994,NSA-OBS-FLXTR,9TF03-FLX01,-0.184479167,354.1539375,-0.021041667,2.8486875,1.438635417,1.449479167,0.506875,0
169,1,10,1994,NSA-OBS-FLXTR,9TF03-FLX01,-0.3236875,356.6176875,0.001458333,2.834770833,0.228125,1.509760417,0.443970833,0
170,2,10,1994,NSA-OBS-FLXTR,9TF03-FLX01,-0.0601875,354.66825,0.02125,2.527541667,0.57915625,1.469291667,0.428802083,0
171,3,10,1994,NSA-OBS-FLXTR,9TF03-FLX01,-0.0901875,357.1108333,0.0125,1.919375,0.689958333,1.4478125,0.3746875,0
172,4,10,1994,NSA-OBS-FLXTR,9TF03-FLX01,-0.075645833,356.7528958,0.022083333,4.221375,0.91503125,1.410635417,0.481772917,0
173,5,10,1994,NSA-OBS-FLXTR,9TF03-FLX01,-0.374645833,359.2902917,0.128958333,9.316625,3.914375,1.3441875,0.77105,0
174,6,10,1994,NSA-OBS-FLXTR,9TF03-FLX01,0.616266667,365.5162444,-0.069777778,8.983777778,4.414955556,1.279688889,0.870517778,0
175,7,10,1994,NSA-OBS-FLXTR,9TF03-FLX01,-0.10323913,355.4524348,-0.043043478,0.857891304,2.672815217,1.291826087,0.522404348,0
176,8,10,1994,NSA-OBS-FLXTR,9TF03-FLX01,-0.136083333,359.1755,-0.0075,0.3824375,0.481239583,1.283510417,0.469579167,0
177,9,10,1994,NSA-OBS-FLXTR,9TF03-FLX01,0.03725,359.7889167,0.017916667,4.019979167,0.5260625,1.259760417,0.606247917,0
178,10,10,1994,NSA-OBS-FLXTR,9TF03-FLX01,0.254520833,360.2634792,0.061666667,5.852125,2.565458333,1.218145833,0.686614583,0
179,11,10,1994,NSA-OBS-FLXTR,9TF03-FLX01,0.536083333,359.6245208,-0.086875,7.436354167,4.005364583,1.1853125,0.7072375,0
180,12,10,1994,NSA-OBS-FLXTR,9TF03-FLX01,0.467479167,356.7966458,-0.022291667,2.7033125,0.54196875,1.201041667,0.481033333,0
181,13,10,1994,NSA-OBS-FLXTR,9TF03-FLX01,0.8965,358.4587917,0.057916667,-0.439541667,-1.042208333,1.187572917,0.35621875,0
182,14,10,1994,NSA-OBS-FLXTR,9TF03-FLX01,0.648022222,358.0426667,0.094444444,0.921577778,-0.418322222,1.115488889,0.52628,0
183,15,10,1994,NSA-OBS-FLXTR,9TF03-FLX01,0.744622222,365.4659,0.060444444,3.821155556,0.2562,1.090655556,0.772663333,0
184,16,10,1994,NSA-OBS-FLXTR,9TF03-FLX01,0.729229167,363.9438125,0.083958333,4.611083333,2.420822917,1.068947917,0.8438875,0.00625
185,17,10,1994,NSA-OBS-FLXTR,9TF03-FLX01,0.6805,362.5294375,-0.107708333,3.515833333,3.551020833,1.0724375,0.768833333,0
186,18,10,1994,NSA-OBS-FLXTR,9TF03-FLX01,0.825166667,365.5317917,0.059375,4.144958333,3.749541667,1.045875,0.815866667,0
187,19,10,1994,NSA-OBS-FLXTR,9TF03-FLX01,0.974377778,363.7976222,-0.094888889,5.052066667,3.513744444,1.038,0.748031111,0
188,20,10,1994,NSA-OBS-FLXTR,9TF03-FLX01,0.515,364.3139787,0.036170213,2.66393617,1.201542553,1.027702128,0.660946809,0.014893617
189,21,10,1994,NSA-OBS-FLXTR,9TF03-FLX01,0.728708333,361.5397708,-0.050416667,5.235791667,2.0218125,1.037791667,0.722764583,0
190,22,10,1994,NSA-OBS-FLXTR,9TF03-FLX01,0.868479167,359.4888958,-0.0275,2.399895833,1.635979167,1.040197917,0.650427083,0.11875
191,23,10,1994,NSA-OBS-FLXTR,9TF03-FLX01,0.821645833,356.2823125,-0.0075,-3.841458333,0.522635417,1.057541667,0.424127083,0.085416667
192,24,10,1994,NSA-OBS-FLXTR,9TF03-FLX01,0.812041667,355.9324792,0.025,-5.318229167,0.183770833,1.03784375,0.372014583,0
193,25,10,1994,NSA-OBS-FLXTR,9TF03-FLX01,0.603395833,359.639125,0.045,-6.381270833,-0.10271875,1.029291667,0.359520833,0
194,26,10,1994,NSA-OBS-FLXTR,9TF03-FLX01,0.836916667,360.6569167,0.052708333,0.4978125,0.010427083,1.020822917,0.608697917,0
195,27,10,1994,NSA-OBS-FLXTR,9TF03-FLX01,0.805770833,365.9807708,0.056041667,2.764354167,0.016072917,0.966114583,0.672229167,0.039583333
196,28,10,1994,NSA-OBS-FLXTR,9TF03-FLX01,1.010541667,361.7146875,-0.057708333,3.155270833,0.01109375,0.955989583,0.669260417,0
197,29,10,1994,NSA-OBS-FLXTR,9TF03-FLX01,0.660875,358.905625,-0.059375,-0.519520833,0.05946875,0.948145833,0.569291667,0.010416667
198,30,10,1994,NSA-OBS-FLXTR,9TF03-FLX01,0.645583333,360.2304167,0.02625,0.15475,0.0828125,0.912520833,0.59696875,0.004166667
199,31,10,1994,NSA-OBS-FLXTR,9TF03-FLX01,0.73275,358.228375,-0.013333333,-1.518958333,0.098291667,0.902041667,0.50021875,0
200,1,11,1994,NSA-OBS-FLXTR,9TF03-FLX01,0.724041667,359.97675,-0.007916667,-3.3758125,0.063916667,0.895125,0.40211875,0
201,2,11,1994,NSA-OBS-FLXTR,9TF03-FLX01,0.441895833,358.399125,0.010833333,-2.99975,-0.03309375,0.840833333,0.433329167,0.077083333
202,3,11,1994,NSA-OBS-FLXTR,9TF03-FLX01,0.764095238,358.5579048,0.016666667,-2.410619048,-0.03902381,0.830214286,0.476311905,0
203,4,11,1994,NSA-OBS-FLXTR,9TF03-FLX01,0.541916667,361.671,0.066875,-4.992208333,-0.248458333,0.80825,0.36799375,0
204,5,11,1994,NSA-OBS-FLXTR,9TF03-FLX01,0.647375,362.9447292,-0.035625,-0.5058125,-0.203052083,0.801989583,0.54343125,0.029166667
205,6,11,1994,NSA-OBS-FLXTR,9TF03-FLX01,0.591291667,364.7334167,0.091875,-1.79775,-0.289177083,0.760135417,0.43635625,0
206,7,11,1994,NSA-OBS-FLXTR,9TF03-FLX01,0.541666667,366.0425625,-0.020208333,-2.711395833,-0.740427083,0.76403125,0.373504167,0
207,8,11,1994,NSA-OBS-FLXTR,9TF03-FLX01,0.593479167,364.8202708,-0.032708333,-2.147104167,-0.695104167,0.737760417,0.458416667,0
208,9,11,1994,NSA-OBS-FLXTR,9TF03-FLX01,0.463,364.3639792,-0.016666667,-3.970895833,-0.7641875,0.7159375,0.38665625,0
209,10,11,1994,NSA-OBS-FLXTR,9TF03-FLX01,0.5430625,366.1530833,-0.004791667,-3.219,-0.987166667,0.701291667,0.423879167,0
210,11,11,1994,NSA-OBS-FLXTR,9TF03-FLX01,0.4601875,368.1825833,0.099583333,-2.385375,-0.85315625,0.68353125,0.428052083,0
211,12,11,1994,NSA-OBS-FLXTR,9TF03-FLX01,0.582375,371.5772708,-0.100833333,-4.1553125,-1.668947917,0.683145833,0.375354167,0
212,13,11,1994,NSA-OBS-FLXTR,9TF03-FLX01,0.707854167,365.0165833,0.07125,0.5119375,-0.5649375,0.658614583,0.617127083,0.014583333
213,14,11,1994,NSA-OBS-FLXTR,9TF03-FLX01,0.929083333,364.3721875,-0.062916667,-0.656229167,-0.242708333,0.646447917,0.536195833,0.00625
214,15,11,1994,NSA-OBS-FLXTR,9TF03-FLX01,0.585833333,362.4764375,0.02875,-3.155520833,-0.215135417,0.63725,0.414547917,0
215,16,11,1994,NSA-OBS-FLXTR,9TF03-FLX01,0.431291667,362.8826042,-0.041041667,-4.831104167,-0.324239583,0.593854167,0.391964583,0
216,17,11,1994,NSA-OBS-FLXTR,9TF03-FLX01,0.567229167,359.0856875,-0.053541667,-7.3856875,-0.600072917,0.596541667,0.32036875,0.04375
217,18,11,1994,NSA-OBS-FLXTR,9TF03-FLX01,0.251125,359.3192708,0.050208333,-17.9423125,-1.8120625,0.603395833,0.13815625,0
218,19,11,1994,NSA-OBS-FLXTR,9TF03-FLX01,0.426575758,361.4095455,-0.020909091,-16.09393939,-3.62630303,0.603545455,0.141448485,0
219,27,11,1994,NSA-OBS-FLXTR,9TF03-FLX01,0.081,365.5316667,0.3,-13.05166667,-4.7945,0.476833333,0.2106,0.033333333
220,28,11,1994,NSA-OBS-FLXTR,9TF03-FLX01,0.240666667,364.5405,-0.010833333,-12.776625,-4.132010417,0.45253125,0.213895833,0
221,29,11,1994,NSA-OBS-FLXTR,9TF03-FLX01,0.2494375,368.0840625,0.108333333,-17.20664583,-4.101739583,0.438125,0.136883333,0
222,30,11,1994,NSA-OBS-FLXTR,9TF03-FLX01,0.1745625,372.6881875,0.0375,-16.19583333,-4.421270833,0.430677083,0.158097917,0
223,1,12,1994,NSA-OBS-FLXTR,9TF03-FLX01,0.314354167,369.9465417,-0.092708333,-11.83358333,-3.986010417,0.391739583,0.239083333,0.014583333
224,2,12,1994,NSA-OBS-FLXTR,9TF03-FLX01,0.409733333,365.1844889,-0.059555556,-15.2444,-3.105233333,0.380644444,0.176426667,0.131111111
225,3,12,1994,NSA-OBS-FLXTR,9TF03-FLX01,0.355826087,363.4293043,-0.003043478,-21.30676087,-4.214163043,0.36325,0.103913043,0
226,4,12,1994,NSA-OBS-FLXTR,9TF03-FLX01,0.370477273,363.5699091,-0.016818182,-18.40184091,-4.677931818,0.353409091,0.134011364,0
227,5,12,1994,NSA-OBS-FLXTR,9TF03-FLX01,0.277604167,361.9059792,0.019791667,-16.19810417,-4.240510417,0.365989583,0.162260417,0
228,6,12,1994,NSA-OBS-FLXTR,9TF03-FLX01,0.364916667,365.0944375,0.092083333,-21.44647917,-5.482822917,0.34690625,0.084775,0
229,7,12,1994,NSA-OBS-FLXTR,9TF03-FLX01,0.372333333,367.3423542,-0.00875,-19.74952083,-6.502416667,0.331270833,0.087577083,0
230,8,12,1994,NSA-OBS-FLXTR,9TF03-FLX01,0.180666667,364.8722708,-0.041875,-18.95772917,-6.267166667,0.316572917,0.153183333,0
231,9,12,1994,NSA-OBS-FLXTR,9TF03-FLX01,0.410645833,363.8720208,-0.005625,-21.51383333,-5.051677083,0.315604167,0.097070833,0
232,10,12,1994,NSA-OBS-FLXTR,9TF03-FLX01,0.323393939,363.3907424,0.015151515,-28.94221212,-5.900212121,0.323636364,0.23875303,0
233,15,12,1994,NSA-OBS-FLXTR,9TF03-FLX01,0.133611111,369.4403333,-0.023888889,0.192722222,-0.687277778,0.048555556,0.289177778,0
234,16,12,1994,NSA-OBS-FLXTR,9TF03-FLX01,0.246666667,370.4756875,0.053333333,-9.055604167,-3.833625,0.261177083,0.305441667,0
235,17,12,1994,NSA-OBS-FLXTR,9TF03-FLX01,0.337625,366.4136042,-0.097708333,-13.17975,-3.020041667,0.25425,0.174310417,0
236,18,12,1994,NSA-OBS-FLXTR,9TF03-FLX01,0.342,367.453125,0.001458333,-12.61870833,-3.611104167,0.261479167,0.201739583,0
237,19,12,1994,NSA-OBS-FLXTR,9TF03-FLX01,0.192166667,367.0439792,0.010625,-15.56441667,-3.579447917,0.258833333,0.20224375,0
238,20,12,1994,NSA-OBS-FLXTR,9TF03-FLX01,0.2585,369.0161667,0.032916667,-8.56925,-3.46440625,0.240177083,0.34823125,0
239,21,12,1994,NSA-OBS-FLXTR,9TF03-FLX01,0.45875,366.0669167,-0.076458333,-4.675583333,-2.79759375,0.234760417,0.417814583,0
240,22,12,1994,NSA-OBS-FLXTR,9TF03-FLX01,0.32125,364.741125,0.013125,-3.755041667,-2.302604167,0.216822917,0.420816667,0
241,23,12,1994,NSA-OBS-FLXTR,9TF03-FLX01,0.3639375,365.8777708,0.039375,-2.837791667,-2.0175625,0.209052083,0.412745833,0
242,24,12,1994,NSA-OBS-FLXTR,9TF03-FLX01,0.219979167,366.6509792,0.077708333,-4.604145833,-1.931270833,0.188427083,0.319245833,0
243,25,12,1994,NSA-OBS-FLXTR,9TF03-FLX01,0.247875,363.4194583,-0.051041667,-8.348291667,-2.427166667,0.174166667,0.302083333,0
244,26,12,1994,NSA-OBS-FLXTR,9TF03-FLX01,0.08575,364.2105,0.011666667,-7.770125,-2.431583333,0.156260417,0.327895833,0
245,27,12,1994,NSA-OBS-FLXTR,9TF03-FLX01,0.352729167,363.7139792,-0.028125,-6.227979167,-1.854489583,0.1235625,0.223891667,0
246,28,12,1994,NSA-OBS-FLXTR,9TF03-FLX01,0.053,363.5266458,-0.01,1.337,-0.2185,0.025,0.079385417,0
247,29,12,1994,NSA-OBS-FLXTR,9TF03-FLX01,0.053,363.5769583,-0.01,1.337,-0.2185,0.025,0.134358333,0
248,30,12,1994,NSA-OBS-FLXTR,9TF03-FLX01,0.053,361.9754091,-0.01,1.337,-0.2185,0.025,0.15625,0
249,31,12,1994,NSA-OBS-FLXTR,9TF03-FLX01,0.053,363.0542143,-0.01,1.337,-0.2185,0.025,0.119592857,0
250,23,5,1994,SSA-OBS-FLXTR,9TF09-FLX01,-4.877692308,360.5404179,0.020439775,14.64307692,3.588947368,0,1.016822222,0.005263158
251,24,5,1994,SSA-OBS-FLXTR,9TF09-FLX01,-1.775581395,360.5404179,0.020439775,9.849375,8.06787593,3.808682101,1.190495349,0.035431809
252,25,5,1994,SSA-OBS-FLXTR,9TF09-FLX01,-2.566377083,366.4953846,-0.114166667,13.75541667,1.04375,0,0.733829167,0
253,26,5,1994,SSA-OBS-FLXTR,9TF09-FLX01,-2.347916667,373.9379167,0.013541667,15.8625,1.327083333,0,0.806791667,0
254,27,5,1994,SSA-OBS-FLXTR,9TF09-FLX01,-1.365673684,374.2408571,0.463142857,18.301875,1.821666667,0,0.886813158,0
255,28,5,1994,SSA-OBS-FLXTR,9TF09-FLX01,1.40286875,372.713125,0.079791667,13.26729167,2.784583333,0,1.287075,0.504166667
256,29,5,1994,SSA-OBS-FLXTR,9TF09-FLX01,-2.947291667,371.0666667,-0.057916667,8.810208333,1.556458333,0,0.721452083,0
257,30,5,1994,SSA-OBS-FLXTR,9TF09-FLX01,-2.851875,371.6611364,-0.107045455,10.63416667,1.72875,0,0.727644681,0.008333333
258,31,5,1994,SSA-OBS-FLXTR,9TF09-FLX01,-2.250638298,365.1786667,0.078222222,12.49229167,1.911666667,0,0.818680851,0
259,1,6,1994,SSA-OBS-FLXTR,9TF09-FLX01,-1.894553191,364.5441667,-0.0019375,15.91479167,2.10125,0,0.649359574,0
260,2,6,1994,SSA-OBS-FLXTR,9TF09-FLX01,-3.175416667,366.3881818,-0.019545455,14.615625,2.467291667,0,0.87828125,0
261,3,6,1994,SSA-OBS-FLXTR,9TF09-FLX01,-2.39125,363.7991304,-0.067391304,12.566875,2.701041667,0,1.25444375,0
262,4,6,1994,SSA-OBS-FLXTR,9TF09-FLX01,-1.86965625,360.3529167,-0.004145833,16.653125,2.887916667,0,1.059875,0
263,5,6,1994,SSA-OBS-FLXTR,9TF09-FLX01,-1.884545833,364.3852083,0.025833333,15.96145833,3.465833333,0,1.172410417,0
264,6,6,1994,SSA-OBS-FLXTR,9TF09-FLX01,-1.774375,365.9403226,0.087096774,14.589375,3.405416667,0,1.203772917,0
265,7,6,1994,SSA-OBS-FLXTR,9TF09-FLX01,-1.231458333,360.3080645,-0.274193548,14.92291667,3.6928125,0,0.7372625,0
266,8,6,1994,SSA-OBS-FLXTR,9TF09-FLX01,-2.732172917,360.3320833,-0.040416667,14.73625,3.450909091,0,0.67361875,0
267,9,6,1994,SSA-OBS-FLXTR,9TF09-FLX01,-2.68123913,359.0429167,0.088354167,15.74729167,3.307083333,0,0.982882609,0
268,10,6,1994,SSA-OBS-FLXTR,9TF09-FLX01,-1.856875,362.33,-0.005106383,16.59979167,3.807708333,0,0.9675875,0.004166667
269,11,6,1994,SSA-OBS-FLXTR,9TF09-FLX01,-2.3736625,363.6114583,0.0095625,16.326875,4.172083333,0,0.97894375,0
270,12,6,1994,SSA-OBS-FLXTR,9TF09-FLX01,-3.15125,364.29625,-0.012979167,12.31395833,4.032708333,0,1.118977083,0.004166667
271,13,6,1994,SSA-OBS-FLXTR,9TF09-FLX01,-0.943125,363.5720833,0.051875,7.8975,3.455208333,0,0.976310417,0.091666667
272,14,6,1994,SSA-OBS-FLXTR,9TF09-FLX01,-0.805151515,360.7013514,-0.119513514,8.283958333,3.2475,0,1.192251515,0.170833333
273,15,6,1994,SSA-OBS-FLXTR,9TF09-FLX01,-1.352553191,362.0777083,0.011666667,3.649166667,2.638333333,0.014125,0.785310638,0.120833333
274,16,6,1994,SSA-OBS-FLXTR,9TF09-FLX01,-3.087920833,361.7873333,-0.0372,5.703125,2.18875,0.165416667,0.713104167,0.029166667
275,17,6,1994,SSA-OBS-FLXTR,9TF09-FLX01,-3.263844681,359.2710638,-0.003638298,8.727083333,2.534791667,0.3325,0.758589362,0
276,18,6,1994,SSA-OBS-FLXTR,9TF09-FLX01,-2.974714583,360.1616667,-0.035583333,13.16916667,3.529166667,0.459791667,0.921925,0
277,19,6,1994,SSA-OBS-FLXTR,9TF09-FLX01,-1.45568125,360.2802083,0.042083333,13.28895833,5.193958333,0.467708333,1.31768125,0.045833333
278,20,6,1994,SSA-OBS-FLXTR,9TF09-FLX01,-0.946666667,361.7091304,-0.014347826,14.50916667,5.485208333,0.63625,1.138154167,0.070833333
279,21,6,1994,SSA-OBS-FLXTR,9TF09-FLX01,-0.643695833,358.7277083,0.03125,20.02104167,7.099375,0.814791667,0.9132875,0
280,22,6,1994,SSA-OBS-FLXTR,9TF09-FLX01,-0.460270833,358.266875,-0.024833333,21.436875,8.001875,1.104166667,0.831720833,0
281,23,6,1994,SSA-OBS-FLXTR,9TF09-FLX01,1.081458333,362.7513043,0.011347826,22.051875,8.85125,1.26375,1.072491667,0
282,24,6,1994,SSA-OBS-FLXTR,9TF09-FLX01,-0.922916667,359.1089583,-0.010833333,19.47583333,9.070833333,1.296666667,1.139741667,0
283,25,6,1994,SSA-OBS-FLXTR,9TF09-FLX01,-0.714791667,361.3629167,0.022354167,13.59458333,8.614791667,1.2525,1.287110417,0.166666667
284,26,6,1994,SSA-OBS-FLXTR,9TF09-FLX01,-3.86926383,358.2822727,-0.055909091,13.61604167,7.036041667,1.275625,1.039095745,0
285,27,6,1994,SSA-OBS-FLXTR,9TF09-FLX01,-2.653935417,351.6220833,0.0508125,16.02604167,8.039361702,1.351489362,1.330760417,0.059574468
286,28,6,1994,SSA-OBS-FLXTR,9TF09-FLX01,-1.723125,354.5242222,-0.019555556,15.50291667,8.932291667,1.363333333,1.003335417,0
287,29,6,1994,SSA-OBS-FLXTR,9TF09-FLX01,-1.554375,358.5841667,0.008333333,12.86,8.17375,1.231875,1.164347917,0.045833333
288,30,6,1994,SSA-OBS-FLXTR,9TF09-FLX01,-0.348333333,353.74875,-0.004520833,9.816875,7.95,1.2875,1.187291667,0.320833333
289,1,7,1994,SSA-OBS-FLXTR,9TF09-FLX01,-3.773223404,356.0890698,0.003255814,12.68833333,6.329777778,1.392666667,1.019406522,0
290,2,7,1994,SSA-OBS-FLXTR,9TF09-FLX01,-0.224791667,357.4091667,-0.009375,13.19145833,7.609791667,1.591875,1.2276625,0
291,3,7,1994,SSA-OBS-FLXTR,9TF09-FLX01,-0.9725,357.79375,0.05875,14.03208333,8.032916667,1.699583333,1.398358333,0.033333333
292,4,7,1994,SSA-OBS-FLXTR,9TF09-FLX01,-2.53375,365.5282979,0.052978723,12.81375,8.084375,1.902708333,1.238641667,0.170833333
293,5,7,1994,SSA-OBS-FLXTR,9TF09-FLX01,-2.174375,366.1808333,0.095833333,11.04,8.727708333,2.139583333,1.340777083,0.229166667
294,6,7,1994,SSA-OBS-FLXTR,9TF09-FLX01,-3.244375,367.08625,-0.113333333,9.677708333,7.96375,2.336041667,1.03339375,0
295,7,7,1994,SSA-OBS-FLXTR,9TF09-FLX01,-1.994483333,363.2527083,-0.081041667,13.17291667,8.222083333,2.547916667,1.173679167,0.008333333
296,8,7,1994,SSA-OBS-FLXTR,9TF09-FLX01,-1.820833333,361.6077083,0.0473125,12.90125,9.439583333,2.7525,1.242622917,0.075
297,9,7,1994,SSA-OBS-FLXTR,9TF09-FLX01,-1.343958333,360.6920833,-0.089166667,15.315,9.819583333,2.904166667,1.324570833,0.004166667
298,10,7,1994,SSA-OBS-FLXTR,9TF09-FLX01,-0.846458333,361.60375,0.1864375,16.15645833,10.554375,3.101875,1.519172917,0.0125
299,11,7,1994,SSA-OBS-FLXTR,9TF09-FLX01,-1.259148936,368.7590698,-0.074883721,15.89270833,10.07020833,3.33375,1.217604255,0.029166667
300,12,7,1994,SSA-OBS-FLXTR,9TF09-FLX01,-1.073333333,352.51,0.01,11.51145833,9.632708333,3.595,1.29291875,0.0375
301,13,7,1994,SSA-OBS-FLXTR,9TF09-FLX01,-3.611616667,355.6688636,-0.024318182,15.73291667,9.079130435,3.651521739,1.126310417,0
302,14,7,1994,SSA-OBS-FLXTR,9TF09-FLX01,-2.508365957,360.5404179,0.020439775,15.47574468,8.06787593,3.808682101,1.309177083,0.035431809
303,15,7,1994,SSA-OBS-FLXTR,9TF09-FLX01,-0.722916667,360.5404179,0.020439775,14.08270833,8.06787593,3.808682101,1.364883333,0.035431809
304,16,7,1994,SSA-OBS-FLXTR,9TF09-FLX01,-3.065416667,351.245,-0.097,15.61708333,11.9525,4.0325,1.3133875,0
305,17,7,1994,SSA-OBS-FLXTR,9TF09-FLX01,-1.7672375,367.7181395,-0.065581395,17.04041667,11.05708333,4.117083333,1.406172917,0
306,18,7,1994,SSA-OBS-FLXTR,9TF09-FLX01,-0.033,338.354,0.442,18.46456522,11.79833333,4.254166667,1.6478,0.016666667
307,19,7,1994,SSA-OBS-FLXTR,9TF09-FLX01,1.943043478,360.163913,0.149130435,14.915,12.463125,4.474375,1.743871739,1.029166667
308,20,7,1994,SSA-OBS-FLXTR,9TF09-FLX01,-0.190625,358.3960417,-0.00375,17.17020833,11.71869565,4.516956522,1.61906875,0.020833333
309,21,7,1994,SSA-OBS-FLXTR,9TF09-FLX01,-0.4202125,358.3745455,-0.145909091,21.71,11.77645833,4.791041667,1.4374625,0
310,22,7,1994,SSA-OBS-FLXTR,9TF09-FLX01,-0.717708333,362.6625,0.089854167,17.98666667,12.24729167,5.059791667,1.298814583,0.033333333
311,23,7,1994,SSA-OBS-FLXTR,9TF09-FLX01,-1.308541667,359.0970213,-0.037574468,17.45375,11.35416667,5.254375,0.801220833,0
312,24,7,1994,SSA-OBS-FLXTR,9TF09-FLX01,-1.256475,358.2814583,0.059520833,16.65541667,10.79333333,5.454375,0.639384091,0
313,25,7,1994,SSA-OBS-FLXTR,9TF09-FLX01,-1.951343478,357.4397917,-0.019708333,17.17583333,9.950416667,5.441875,0.659221739,0
314,26,7,1994,SSA-OBS-FLXTR,9TF09-FLX01,-1.975810417,354.5427083,-0.068333333,19.20854167,10.44854167,5.495,0.883060417,0
315,27,7,1994,SSA-OBS-FLXTR,9TF09-FLX01,-0.934002326,357.3985417,-0.03625,20.06854167,11.30166667,5.547291667,1.125304651,0
316,28,7,1994,SSA-OBS-FLXTR,9TF09-FLX01,-0.1125,361.0910417,0.195416667,22.88833333,12.60020833,5.600625,1.446254167,0
317,29,7,1994,SSA-OBS-FLXTR,9TF09-FLX01,0.448541667,377.3083333,-0.014166667,17.62333333,13.21625,5.653125,1.7802125,0.229166667
318,30,7,1994,SSA-OBS-FLXTR,9TF09-FLX01,-3.184773333,356.235,0.918066667,20.66833333,12.39479167,5.706041667,1.31443,0
319,31,7,1994,SSA-OBS-FLXTR,9TF09-FLX01,-1.946347826,363.0825,0.106818182,21.09854167,12.674375,5.746666667,1.58203913,0
320,1,8,1994,SSA-OBS-FLXTR,9TF09-FLX01,-0.267608696,360.5404179,0.020439775,22.11125,13.52166667,5.830208333,1.701380435,0
321,2,8,1994,SSA-OBS-FLXTR,9TF09-FLX01,-0.92375,358.9861702,-0.058085106,22.20416667,13.09291667,5.960625,1.313827083,0
322,3,8,1994,SSA-OBS-FLXTR,9TF09-FLX01,-0.854791667,365.155,0.035625,17.50229167,12.39604167,6.090208333,1.265529167,0.004166667
323,4,8,1994,SSA-OBS-FLXTR,9TF09-FLX01,-2.3911375,356.0859574,-0.038510638,15.705625,10.1675,6.213333333,0.81575,0.004166667
324,5,8,1994,SSA-OBS-FLXTR,9TF09-FLX01,-1.570380138,360.5404179,0.020439775,19.358125,10.865625,6.265833333,1.090470833,0.008333333
325,6,8,1994,SSA-OBS-FLXTR,9TF09-FLX01,1.891176471,373.5941176,-0.572352941,16.06458333,11.78020833,6.281666667,1.420504167,0.033333333
326,7,8,1994,SSA-OBS-FLXTR,9TF09-FLX01,-2.9523375,354.2385106,0.003617021,11.27020833,9.652,6.326,0.787858333,0
327,8,8,1994,SSA-OBS-FLXTR,9TF09-FLX01,-4.398639583,355.414375,-0.093541667,12.34104167,9.178541667,6.346041667,0.83481875,0.008333333
328,9,8,1994,SSA-OBS-FLXTR,9TF09-FLX01,-2.767274468,349.9064583,0.012708333,13.80666667,9.00875,6.328125,0.833474468,0
329,10,8,1994,SSA-OBS-FLXTR,9TF09-FLX01,-2.128033333,352.7333333,0.018958333,15.34083333,10.32958333,6.28125,1.110391667,0.041666667
330,11,8,1994,SSA-OBS-FLXTR,9TF09-FLX01,-2.038958333,357.3813043,0.069782609,15.289375,10.37875,6.263541667,1.343879167,0.025
331,12,8,1994,SSA-OBS-FLXTR,9TF09-FLX01,-14.04,360.5404179,0.020439775,13.52020833,10.666875,6.266041667,1.069288235,0.1
332,13,8,1994,SSA-OBS-FLXTR,9TF09-FLX01,-4.416,346.394,0.534,10.77958333,8.504583333,6.287291667,0.83409375,0
333,14,8,1994,SSA-OBS-FLXTR,9TF09-FLX01,-2.443272917,351.0610417,-0.034166667,16.33645833,9.041458333,6.278125,1.0622,0
334,15,8,1994,SSA-OBS-FLXTR,9TF09-FLX01,-1.09743125,356.1154167,0.052354167,20.84020833,11.14541667,6.240625,1.327102083,0
335,16,8,1994,SSA-OBS-FLXTR,9TF09-FLX01,0.727083333,362.9225532,0.052978723,16.941875,12.214375,6.238541667,1.31534375,0
336,17,8,1994,SSA-OBS-FLXTR,9TF09-FLX01,-2.274166667,358.1554167,-0.029375,12.85666667,10.11854167,6.307708333,1.1232375,0.020833333
337,18,8,1994,SSA-OBS-FLXTR,9TF09-FLX01,-1.555833333,357.6233333,0.014791667,13.61666667,10.78125,6.3825,1.37576875,0.004166667
338,19,8,1994,SSA-OBS-FLXTR,9TF09-FLX01,-0.676382979,363.8587234,-0.081914894,15.336875,11.460625,6.3825,1.473664583,0.016666667
339,20,8,1994,SSA-OBS-FLXTR,9TF09-FLX01,-1.379477083,357.006875,-0.0125,18.80354167,10.798125,6.320833333,1.296647917,0
340,21,8,1994,SSA-OBS-FLXTR,9TF09-FLX01,-1.4225,368.0766667,0.01,18.25583333,11.253125,6.247083333,1.422558333,0
341,22,8,1994,SSA-OBS-FLXTR,9TF09-FLX01,0.617916667,369.3745833,0.07,19.21645833,11.96375,6.2375,1.4913875,0.008333333
342,23,8,1994,SSA-OBS-FLXTR,9TF09-FLX01,-0.395833333,363.5921277,-0.083042553,17.123125,11.33145833,6.458333333,1.032585417,0
343,24,8,1994,SSA-OBS-FLXTR,9TF09-FLX01,-1.433617021,358.0985417,-0.036895833,13.94541667,9.774375,6.589791667,0.782493617,0
344,25,8,1994,SSA-OBS-FLXTR,9TF09-FLX01,-2.911041667,357.6185106,-0.004319149,13.2,9.035,6.629583333,0.867191667,0
345,26,8,1994,SSA-OBS-FLXTR,9TF09-FLX01,-2.928039583,359.5716667,-0.051458333,11.27125,8.028125,6.622083333,0.984964583,0
346,27,8,1994,SSA-OBS-FLXTR,9TF09-FLX01,-1.986270213,350.965,0.0425,12.26958333,8.570416667,6.576041667,1.013202083,0.1125
347,28,8,1994,SSA-OBS-FLXTR,9TF09-FLX01,-1.942083333,364.0929167,0.055,11.57166667,9.281458333,6.523125,1.113589583,0.004166667
348,29,8,1994,SSA-OBS-FLXTR,9TF09-FLX01,-1.064077083,358.3866667,0.016875,9.302708333,8.7425,6.491666667,0.9013,0.008333333
349,30,8,1994,SSA-OBS-FLXTR,9TF09-FLX01,-1.818125,357.8042857,0.111904762,8.932291667,7.958333333,6.457916667,0.843504167,0
350,31,8,1994,SSA-OBS-FLXTR,9TF09-FLX01,-2.151377083,349.459375,-0.101875,11.20520833,7.335208333,6.415833333,0.788683333,0
351,1,9,1994,SSA-OBS-FLXTR,9TF09-FLX01,-2.22691875,357.108125,0.017916667,12.89479167,7.707916667,6.358125,0.8818875,0
352,2,9,1994,SSA-OBS-FLXTR,9TF09-FLX01,-1.937954167,363.2397917,0.024,12.44208333,7.459791667,6.298125,0.7992375,0
353,3,9,1994,SSA-OBS-FLXTR,9TF09-FLX01,1.345208333,359.1475,0.048083333,10.23770833,7.942916667,6.236875,0.854058333,0
354,4,9,1994,SSA-OBS-FLXTR,9TF09-FLX01,2.072083333,362.4945833,0.057083333,9.661875,8.402916667,6.189166667,1.25085,0.220833333
355,5,9,1994,SSA-OBS-FLXTR,9TF09-FLX01,0.997083333,359.484375,-0.114458333,12.32958333,9.0075,6.144583333,1.111147917,0
356,6,9,1994,SSA-OBS-FLXTR,9TF09-FLX01,-1.29593125,364.0285417,0.002291667,13.92291667,8.637916667,6.125625,0.979847917,0.004166667
357,7,9,1994,SSA-OBS-FLXTR,9TF09-FLX01,-1.446875,361.5408333,0.069375,15.10854167,8.662291667,5.983958333,0.946070833,0.004166667
358,8,9,1994,SSA-OBS-FLXTR,9TF09-FLX01,-0.616521739,365.0325,0.064166667,14.63520833,9.29875,5.976875,1.127830435,0
359,9,9,1994,SSA-OBS-FLXTR,9TF09-FLX01,-1.774166667,377.8758333,0.051395833,16.65958333,9.683958333,6.009791667,1.3492375,0
360,10,9,1994,SSA-OBS-FLXTR,9TF09-FLX01,0.36963125,372.5125,-0.046041667,13.279375,10.26541667,6.1625,1.294802083,0
361,11,9,1994,SSA-OBS-FLXTR,9TF09-FLX01,-1.432083333,362.2295833,-0.082375,6.684791667,7.708125,6.204791667,0.737570833,0
362,12,9,1994,SSA-OBS-FLXTR,9TF09-FLX01,-1.704452083,363.7014583,0.014166667,8.690208333,6.67625,6.23875,0.7813875,0
363,13,9,1994,SSA-OBS-FLXTR,9TF09-FLX01,-1.318214894,365.7891667,-0.050625,12.84395833,6.96375,6.17625,0.900504255,0
364,14,9,1994,SSA-OBS-FLXTR,9TF09-FLX01,-0.941479167,362.7752083,-0.121041667,15.49645833,7.7125,6.13125,1.045433333,0.004166667
365,15,9,1994,SSA-OBS-FLXTR,9TF09-FLX01,-0.0172,342.155,0.9875,19.0775,8.876875,6.071458333,1.23185,0
366,16,9,1994,SSA-OBS-FLXTR,9TF09-FLX01,0.43,341.71,0.04,22.13,7.687708333,6.073125,0.8801,0
367,17,9,1994,SSA-OBS-FLXTR,9TF09-FLX01,-0.664878261,352.7521212,-0.175151515,19.28833333,8.80875,6.052708333,1.021310638,0
368,18,9,1994,SSA-OBS-FLXTR,9TF09-FLX01,-0.757995833,360.5404179,0.020439775,19.40916667,9.001458333,6.042083333,0.971572917,0
369,19,9,1994,SSA-OBS-FLXTR,9TF09-FLX01,-0.242857143,360.5404179,0.020439775,17.005625,9.307083333,6.0425,0.903889286,0
370,20,9,1994,SSA-OBS-FLXTR,9TF09-FLX01,-0.425,360.5404179,0.020439775,13.13645833,8.358958333,6.070416667,0.825902083,0
371,21,9,1994,SSA-OBS-FLXTR,9TF09-FLX01,0.806486486,360.5404179,0.020439775,5.993513514,6.919142857,6.092285714,0.644308108,0.005714286
